Nitawade-meter,Nitawade-cusecs,Balinge-meter,Balinge-cusecs,Shingnapur-meter,Shingnapur-cusecs,RB-Meter,RB-visarg-cusecs,Ichalkaranji-meter,Ichalkaranji-cusecs
547.7293226,65282,546.48,66016,545.6,66100,544.59,66164,548.5,64775
546.741267,64302,545.26,65031,545.2,65037,544.18,65067,547,63865
545.5589811,63286,544.04,64190,545.2,64199,543.85,64205,548,62954
547.0908337,63417,545.57,64060,544.9,64150,543.85,64201,547,62712
546.7635559,63271,545.26,64023,544.8,64057,534.8,64068,547,62817
546.972776,63068,545.57,63867,545,63952,543.78,64001,550,62747
546.4522848,63162,544.65,63723,544.7,63802,543.72,63868,548.75,62400
546.5539356,62786,544.96,63743,544.9,63751,543.7,63802,547.1666667,62588
545.7257451,63123,544.5,63662,544.6,63727,543.7,63802,547.5,62408
547.217386,62395,545.26,63197,544.1,63268,543.5,63269,547.8333333,62173
546.5968811,62168,544.96,63163,544.9,63226,543.5,63269,546.5,61861
546.3095215,62405,544.65,62976,544.3,63070,543.45,63136,546,62096
545.6030101,62204,544.35,62958,544.8,62984,543.42,63070,548.5,61910
546.1253063,61791,544.35,62685,544,62735,543.29,62737,548.25,61403
546.5455674,61414,544.65,62310,544.3,62320,543.19,62398,548.25,61140
545.248287,61630,543.89,62231,543.9,62274,543.17,62313,546.5,61290
546.1134058,60939,544.65,61759,544.2,61806,543.04,61888,548.3333333,60842
545.0803418,61189,543.74,61704,544.3,61705,542.99,61718,546.75,60398
545.6137636,60477,544.35,61292,543.2,61347,542.89,61379,548.25,59905
546.3432076,60608,544.5,61123,543.8,61144,542.84,61209,547.5,59967
545.4043527,60071,544.04,61064,543.9,61114,542.84,61209,550,59769
545.6593617,60172,544.04,60882,543.5,60955,542.78,61040,548,59977
545.5720656,59922,544.35,60843,543.9,60928,542.76,60955,549,59598
545.9159049,60150,544.5,60694,543.7,60789,542.73,60870,549,59439
55.26335577,60024,53.95,60803,544,60853,542.73,60870,548,59552
545.2923245,59812,544.04,60748,544.2,60788,542.73,60870,547,59410
545.9623855,59747,544.35,60647,543.6,60734,542.71,60785,549,59310
544.9857599,59684,543.13,60452,543.2,60503,542.63,60531,548,59051
545.7502532,59371,543.74,60148,543.4,60199,542.56,60276,547,58822
545.7827627,59263,544.04,60148,543.4,60222,542.56,60276,549.25,58779
545.9836995,59271,544.04,59982,543.5,60021,542.51,60107,548.3333333,58687
545.0177144,59393,543.74,59951,543.5,59969,542.48,60021,546.5,58975
544.6560421,58802,542.97,59688,543.4,59773,542.43,59852,548.75,58676
544.3641974,59058,542.82,59579,543.4,59589,542.38,59683,547.25,58445
544.7054508,58708,543.43,59656,543.3,59673,542.38,59682,545,58547
544.4885207,57298,543.13,58019,543.8,58069,542.3,58128,548.25,56913
545.673349,57455,544.04,58012,543.5,58058,542.3,58128,547.5,56865
544.7848972,56651,543.13,57545,543.2,57550,542.28,57610,546,56352
544.7960453,56592,543.13,57463,543.5,57556,542.28,57610,547,56251
544.6011283,56137,542.82,57075,543.3,57091,542.25,57093,546.5,55610
544.3400303,56247,542.82,57013,543.4,57073,542.25,57093,546,55998
543.9864974,56285,542.52,57007,542.9,57073,542.25,57093,547,56039
544.9964139,55147,543.74,56007,543.2,56041,542.2,56057,547.6666667,54989
544.5467447,54210,542.82,54983,542.9,55001,542.15,55021,544.5,53978
544.2246281,54374,542.52,54946,543,54959,542.15,55021,549,53645
544.3265137,54041,542.67,54885,543.3,54931,542.15,55020,544,53973
544.3954949,53139,543.13,53803,543,53892,542.1,53985,548.5,52606
543.9730297,53215,542.52,53896,543,53906,542.1,53985,549.5,52843
544.395512,53203,542.82,53882,543.4,53964,542.1,53985,547,52694
543.8204257,52040,542.21,52805,541,52862,542.05,52919,547,51657
544.808333,49024,542.97,50004,543,50098,541.92,50183,544,48711
544.460632,49167,542.52,50051,542.7,50124,541.92,50182,547.5,49024
544.7078271,48488,542.82,49453,542.8,49542,541.9,49635,547.5,48354
544.2099739,48137,542.52,48948,542.5,49016,541.87,49088,547,47969
544.733408,48213,542.82,49070,543,49080,541.87,49088,546,47826
545.3089996,47780,544.04,48393,542.4,48487,541.84,48540,545,47410
543.7356724,47160,541.76,47946,543,47989,541.82,47993,550.5,46529
544.5685558,47141,543.13,47889,542.5,47901,541.82,47993,552.5,46581
544.5172222,46048,542.52,46772,543,46836,541.77,46898,539.5,45581
544.2650563,45417,542.52,46027,542.7,46120,541.72,46129,551,44824
543.918093,45294,542.21,46072,542.6,46123,541.72,46129,548,44946
544.2648665,43546,542.52,44463,542.8,44518,541.62,44591,548,43245
542.4551226,43913,540.99,44565,542.3,44567,541.62,44591,546.25,43291
543.3668339,43378,541.91,44121,542.8,44133,541.59,44207,547,43048
544.1991408,42805,542.21,43712,542.3,43724,541.57,43822,546.5,42565
543.6396554,42273,542.21,42954,542.4,43033,541.51,43053,542,41702
542.5804842,42019,540.99,42558,542.5,42657,541.49,42668,547.8333333,41261
544.2288492,41354,542.52,42161,542.5,42186,541.46,42284,546.5,41150
543.6946539,39976,541.91,40859,542.5,40937,541.34,40979,546.25,39619
544.2059919,40092,542.21,40860,542.4,40908,541.34,40979,546,39501
543.1358099,39062,541.91,39753,540.6,39851,541.23,39936,546,38874
543.5058728,38905,541.91,39536,541.1,39621,541.21,39675,546,38237
543.763713,38628,542.52,39592,542,39607,541.21,39675,546.5,38582
543.4073265,39021,541.6,39533,541.9,39578,541.21,39674,546,38272
545.3761015,38443,543.74,39308,541.9,39344,541.18,39414,548.5,38308
544.3872945,38252,542.52,38965,542.4,39059,541.16,39153,547,38138
543.8989396,37884,541.91,38708,542,38795,541.13,38892,544,37888
542.2492518,37898,540.69,38752,542.3,38835,541.13,38892,546.5,37416
543.9419709,37938,542.52,38540,542,38546,541.11,38631,544.5,37593
542.9289194,37340,541.6,38219,542.5,38308,541.08,38370,547,36902
543.595326,37261,541.91,38223,542.5,38288,541.08,38370,546.25,36987
542.652129,37241,541.3,38027,542,38077,541.06,38109,545,36749
543.8305306,36177,541.91,36925,542.1,36979,540.96,37066,547,35778
5408.41557,35578,5406.89,36154,541,36239,540.88,36283,546,35128
543.2325098,34989,541.3,35848,541.8,35926,540.85,36022,545,34969
543.7863226,35075,542.52,35929,542,35947,540.85,36022,545.75,34724
542.771013,35095,541.3,35773,541.8,35815,540.8,35821,545,34732
542.8388008,34869,541.6,35667,541.7,35724,540.8,35820,543.5,34682
544.231727,35103,542.52,35618,542.5,35656,540.78,35720,542.5,34540
543.542866,34953,541.6,35526,541.2,35585,540.75,35619,542,34614
542.5727445,34692,540.99,35547,541.5,35593,540.75,35619,546.5,34568
544.8331768,34390,543.13,35269,541.7,35315,540.68,35316,544.75,34121
542.8506444,34299,541.3,34961,541.5,34983,540.6,35014,543,33739
543.4681382,34302,541.91,34865,542,34957,540.6,35014,546.5,33710
542.1490018,33679,540.69,34508,541.5,34581,540.5,34612,546,33224
543.8762391,33546,541.91,34377,540.9,34442,540.47,34511,542.5,33305
543.2048537,33654,541.6,34374,542.1,34471,540.47,34511,547.75,33091
542.7033424,33707,541.3,34479,541.4,34499,540.47,34511,542,33389
360.8397156,33812,359.04,34335,541.08,34384,540.45,34411,540.5,33390
542.3859664,33629,540.99,34265,541,34286,540.42,34310,545.5,33050
542.5268339,33267,541.15,34076,540.6,34135,540.4,34210,545,33078
542.1114099,33322,540.69,34123,541.3,34178,540.4,34210,544,33127
542.4041011,33108,540.99,34104,541.4,34138,540.4,34210,546,33104
543.1481153,33163,541.15,33955,541.8,33973,540.35,34010,546,32550
543.2272718,33321,541.3,33989,541.8,33992,540.35,34010,544,32764
542.1044342,33055,540.69,33907,541.5,33987,540.35,34010,542.5,32688
543.281737,33062,541.3,33853,541,33917,540.35,34010,546,32584
542.5308955,32748,540.69,33490,541.3,33520,540.24,33609,544.5,32285
542.2922287,32771,540.69,33482,541.2,33517,540.24,33609,553,32539
543.5888922,32817,542.21,33485,541.05,33540,540.24,33608,548,32465
542.3854078,32797,541.15,33518,541,33521,540.22,33562,546.5,32141
542.361337,32452,540.99,33395,541.1,33416,540.19,33516,546.25,32240
543.8946969,32604,541.91,33393,541.2,33459,540.19,33516,542,32127
542.8673866,32620,541.3,33421,541.3,33508,540.19,33516,541,32282
542.7372097,32735,541.3,33293,541.05,33384,540.14,33424,541,32288
542.2725139,32410,540.99,33365,541.3,33377,540.12,33378,543,32242
542.7306691,32395,540.99,33290,541.2,33353,540.12,33377,541,32243
542.0560112,32333,540.69,33232,541.05,33245,540.09,33332,546.8333333,32183
543.0192933,32360,541.3,33235,541.1,33236,540.09,33332,542.5,31992
543.3187984,32501,541.3,33238,541,33268,540.07,33286,545.4166667,31921
543.0838156,32587,541.3,33201,541.2,33258,540.07,33285,543.5,32022
542.6703764,32052,541.3,32979,540.9,33054,539.99,33147,543,32022
543.280482,32523,541.3,33102,541.1,33117,539.99,33147,541.5,31709
542.9915058,32296,540.99,32994,540,33020,539.94,33055,546,31836
543.4229846,32107,541.45,32961,541.4,33037,539.94,33054,539,31652
543.679387,31989,541.91,32808,541.05,32894,539.89,32945,544,31679
541.3139393,32254,540.08,32828,540.3,32886,539.86,32891,547,31673
544.0336393,32201,542.21,32718,541,32740,539.84,32837,547,31738
542.0086295,32092,540.69,32766,539.09,32834,539.84,32837,546,31525
542.6202866,32114,541.3,32712,540.01,32722,539.81,32782,546,31448
541.7512726,31796,540.38,32708,541.1,32765,539.79,32778,542.5,31377
542.5447656,31657,541.15,32604,541.2,32654,539.79,32728,542,31416
542.0901408,32072,540.38,32612,541,32702,539.79,32728,541.5,31689
542.8909399,32025,540.99,32612,540,32664,539.76,32674,541,31495
542.3067468,32027,540.99,32600,539.8,32614,539.74,32619,546,31173
542.284678,31850,540.99,32407,540.5,32501,539.71,32565,541.8333333,31164
541.2313312,31363,539.47,32248,540,32305,539.63,32402,543,31101
542.8535482,31615,540.99,32360,539.07,32395,539.63,32401,542.5,31123
542.4783677,31679,540.69,32256,540,32332,539.63,32401,542,31024
541.916019,30769,540.38,31439,540.5,31478,539.51,31556,541,30073
542.5836499,30638,540.69,31251,540.5,31317,539.48,31387,544.0833333,30232
542.6134799,30389,540.99,31370,540.07,31385,539.48,31386,544,30132
542.5058121,30260,540.69,31102,538.2,31200,539.46,31211,540.1666667,29731
543.6074646,30040,541.6,30999,539,31000,539.43,31036,542,29620
542.4563237,29380,540.99,30207,540.04,30261,539.33,30336,542.5,28890
542.3734986,29555,540.38,30252,539.05,30304,539.33,30335,544,28928
542.2828985,28924,540.69,29917,540,29981,539.28,29991,546,28883
541.4668476,29126,539.62,29900,540,29934,539.28,29991,546,28919
542.676796,28910,540.69,29484,540.06,29570,593.23,29647,544.25,28405
542.0958528,28800,540.69,29400,540.05,29425,539.2,29475,544.0833333,28122
542.3608194,28676,540.54,29357,539,29429,539.2,29475,543.25,28185
543.1961495,28299,541.3,29181,540.09,29235,539.18,29303,543,27853
541.8113194,28184,540.38,29142,540.6,29229,539.18,29303,543,28199
542.8089383,28098,540.99,29026,540.8,29097,539.15,29131,541.75,28121
542.3683587,28203,540.99,28878,539,28897,539.13,28958,545.5,27459
542.4370999,27904,540.69,28629,539,28710,539.1,28786,541,27489
542.3516771,27931,540.38,28741,538,28761,539.1,28786,540.8333333,27437
542.2831202,27894,540.69,28667,541,28736,539.1,28786,542,27442
542.6370793,27564,540.69,28538,540.04,28585,539.08,28614,543,27367
542.3362274,27436,540.99,28351,539,28371,539.05,28442,542.5,27106
541.7154699,27647,540.38,28155,541,28219,539.02,28270,544.0833333,27122
541.50295,27492,540.23,28117,540,28174,539.02,28270,544,26774
541.7900784,27625,540.08,28132,540.2,28217,539.02,28270,543,27245
541.4973731,26963,540.08,27845,540.4,27847,538.97,27925,542,26841
541.5864747,26929,540.08,27779,540.5,27836,538.97,27925,541.5,26484
542.0039647,27045,540.38,27799,540.5,27892,538.97,27925,548,26641
542.4835892,26665,540.69,27618,540.5,27718,538.95,27753,544,26425
541.1462793,26839,539.47,27621,540,27673,538.95,27753,543.5,26288
542.2649395,26963,540.99,27489,540.5,27561,538.92,27581,543.5,26396
542.5458839,26703,540.69,27562,541,27566,538.92,27581,542,26124
542.2907124,26691,540.69,27313,540.8,27321,538.9,27409,542,26157
541.9724877,26524,540.08,27289,540.8,27344,538.9,27408,542,26276
540.8073349,26415,538.86,27112,538,27154,538.87,27230,542,26070
542.5149006,26244,540.69,26921,540.1,26971,538.85,27065,541.5,25689
542.1496709,26261,540.69,26781,540.05,26819,538.87,26892,539.1666667,25757
541.654894,25933,540.38,26743,539,26817,538.82,26892,547,25447
543.0756025,26026,541.48,26806,540.7,26863,538.82,26892,541.5,25857
542.0253616,25465,540.69,26035,540.1,26124,538.72,26203,544.25,25126
543.0796848,24857,541.3,25696,541,25760,538.67,25859,542,24499
541.1306803,24448,539.47,25411,540.2,25492,538.62,25515,540,24378
542.5817103,24153,540.69,25118,540.8,25164,538.57,25171,544,23933
542.7881935,24515,540.99,25104,538.02,25112,538.57,25170,542.5,23862
542.2378821,23661,540.69,24567,540,24651,538.49,24654,542.25,23556
542.6130549,23968,540.69,24494,540.7,24567,538.49,24654,542,23265
542.8321047,23807,540.99,24465,540.1,24467,538.47,24482,541,23006
540.4656931,22966,539.16,23959,540,24058,538.41,24137,543,23124
541.7129281,22694,540.08,23492,539.08,23578,538.36,23640,545,22428
541.0806626,22643,539.47,23581,539.8,23592,538.36,23640,545,22614
541.5494005,22833,540.08,23573,540.2,23598,538.36,23640,543,22429
542.3117906,22340,540.69,23335,539.5,23366,538.34,23391,542,22117
540.7523324,22485,539.16,23302,540,23386,538.34,23391,542,22322
540.9993063,22394,539.32,23044,538.8,23103,538.31,23143,539,22089
541.3350192,21923,539.77,22763,539.5,22833,538.29,22894,540,21659
541.4111802,22257,539.77,22860,539,22863,538.29,22894,540.5,21649
541.9653145,21753,540.38,22519,539.08,22571,538.26,22645,541,21463
542.1282036,21522,540.38,22473,539.09,22569,538.26,22645,539.75,21276
542.0003549,21632,540.38,22565,540.6,22609,538.26,22645,541,21442
541.9810884,21577,540.69,22291,539,22326,538.24,22396,544,21292
542.3270731,21481,540.69,22055,541.5,22117,538.21,22147,543,21125
541.6799968,20795,540.23,21307,540,21331,538.14,21401,543,20198
542.0341824,20639,540.08,21297,539.2,21347,538.14,21401,543,20203
540.7959364,20633,538.86,21323,540.2,21337,538.14,21401,542.25,20214
541.9951883,20177,540.38,20961,541,20988,538.08,21021,541,19667
542.0131457,19854,540.08,20793,538.05,20856,538.06,20889,539.75,19542
541.6007273,19588,539.77,20421,540.3,20465,537.98,20495,539,19216
541.2369407,19524,539.62,20307,540.2,20325,537.96,20363,547,19096
542.3539673,19469,540.69,20149,540.1,20173,537.95,20232,541,18879
541.4974491,19455,540.23,20055,537.8,20133,537.93,20232,541,19163
541.4576237,18923,540.08,19613,540.1,19657,537.83,19706,539,18371
541.4281969,19081,539.47,19609,537.3,19645,537.83,19706,543.5,18630
541.6419785,18783,539.77,19503,540.04,19558,537.8,19575,542,18185
541.4287971,18495,539.47,19377,538.5,19475,537.8,19575,541,18575
542.5102502,18757,540.99,19475,540,19517,537.8,19575,543.5,18233
540.9402406,18669,539.16,19499,538.5,19561,537.8,19575,543.25,18370
541.0140849,18047,539.77,18897,540.02,18984,537.7,19049,542.25,17565
540.9140954,18369,539.47,18962,539.08,18989,537.7,19049,542,17690
541.4703703,18109,539.47,18681,539,18737,537.65,18787,542,17374
541.7624438,17651,540.38,18628,540,18714,537.65,18787,542,17358
542.05292,18135,540.54,18720,538.1,18758,537.65,18787,542,17504
541.3295084,18011,540.08,18770,539.5,18785,537.65,18787,542.8333333,17458
542.0888798,18138,540.38,18702,538.8,18785,537.65,18786,540.5,17297
541.6525027,17599,540.08,18446,539.6,18505,537.6,18524,543,17072
541.2165846,17850,539.93,18438,538.2,18459,537.6,18524,542,17481
542.1309666,17699,540.38,18324,538.9,18386,537.58,18392,541,17351
542.0405307,17589,540.08,18297,540.7,18349,537.58,18392,538,17315
540.4637662,17726,539.16,18326,538.5,18333,537.58,18392,542.5,17298
541.3775927,17254,539.47,18250,539.5,18304,537.53,18330,540.5,16850
541.5314012,17211,540.08,18138,538,18192,537.55,18261,540.25,17123
541.7073383,16932,539.77,17930,539.5,17978,537.5,17998,540,16731
540.9276944,17004,539.47,17876,540.1,17912,537.5,17998,540,16778
541.1418991,17154,539.77,17768,540,17819,537.47,17867,539,16550
540.2868916,16991,538.86,17779,538.4,17783,537.47,17867,541.75,16735
539.9183038,17048,538.56,17703,538.5,17767,537.47,17867,537.5,16837
540.6052963,16929,538.86,17689,529.6,17716,537.45,17735,542,16248
541.2863576,16679,539.47,17313,538,17390,537.4,17473,542,16117
541.1302799,16840,539.77,17349,538,17374,537.4,17473,541.5,16369
541.1533199,16450,539.77,17187,538.05,17191,537.35,17210,541,16165
541.5120518,16526,540.08,17072,538.02,17120,537.35,17210,541,15979
542.0958345,16515,540.08,17087,538.5,17117,537.35,17210,540.5,15995
541.194874,15930,539.32,16815,538.8,16875,537.3,16947,540,15496
540.5881098,16025,538.86,16741,538.5,16764,537.27,16816,540,15388
540.9104377,15805,539.16,16712,538.8,16749,537.27,16816,540,15572
540.3560573,16103,539.01,16709,538.5,16727,537.27,16816,538.5,15425
541.0313509,15639,539.47,16599,539.02,16666,537.25,16684,538,15648
541.7420615,15675,539.77,16606,539,16628,537.25,16684,541,15225
540.8184126,16043,539.16,16552,540.3,16646,537.25,16684,540.75,15630
542.3212902,15436,540.38,16335,540,16343,537.2,16421,540.75,15254
540.7549892,15552,539.16,16385,538.7,16399,537.2,16421,539,15213
540.4134377,15764,538.56,16271,538.5,16350,537.2,16421,539,15342
539.4849277,15436,538.25,16193,539,16289,537.17,16322,536,14910
541.0731403,15327,539.32,15983,539.2,16061,537.12,16123,540.5,14983
541.9283959,15297,540.38,15841,538,15929,537.09,16024,540,14532
540.8533334,15256,538.86,15764,539,15785,537.04,15826,537.75,14442
540.769249,14752,539.47,15713,538,15754,537.04,15826,539.75,14445
541.2771463,15064,539.93,15735,538.2,15743,537.04,15826,538,14703
541.0261124,15034,539.16,15604,538.3,15657,537.02,15726,539,14705
540.6356582,14757,538.86,15639,538.5,15675,537.02,15726,544.1666667,14353
541.9192211,14735,540.08,15521,538.4,15564,536.99,15627,542,14448
540.6976909,14542,539.47,15542,539,15559,536.99,15627,540,14595
541.1605415,14715,539.47,15408,540,15491,536.97,15527,540,14043
541.0439731,14783,539.47,15354,538.6,15439,536.97,15527,538.8333333,14057
540.5916057,14501,538.71,15248,538,15304,536.92,15329,537,14137
539.6375686,14218,537.95,15113,538.05,15206,536.89,15230,542.25,13781
539.6297528,14101,538.25,15066,538.5,15139,536.89,15230,541,14188
539.9350233,14500,538.4,15139,538.5,15157,536.89,15230,540.25,14049
541.0569807,14210,539.47,15110,538.2,15181,536.89,15230,540.5,14000
540.4966591,14522,538.86,15087,538.4,15122,536.86,15130,538.6666667,13851
539.8005004,13980,538.56,14976,538.7,15010,538.84,15031,543,13897
541.4613756,14326,539.47,14944,537.8,14994,536.84,15031,542,13967
541.6870544,14342,540.08,14853,538.5,14922,536.81,14932,541.5,13437
539.5771149,14140,538.25,14789,538,14877,536.81,14931,541.3333333,13545
540.8626326,14004,539.16,14745,538,14814,536.79,14832,540,13692
541.5289763,13931,540.08,14750,537.8,14767,536.79,14832,539,13578
540.0136514,14048,538.1,14623,538.05,14690,536.76,14733,538,13241
540.8363237,14045,538.86,14608,539.5,14644,536.76,14733,541,13339
539.8581165,13900,538.56,14512,538.1,14588,536.74,14639,540,13239
539.3329142,14038,537.95,14553,538,14629,536.74,14634,542,13343
539.6235017,13996,538.25,14558,539,14573,536.74,14634,541.75,13380
540.1356916,13667,538.86,14482,539.8,14544,536.74,14634,540,13299
541.0853629,13797,539.16,14536,538,14602,536.74,14633,541.5,13624
540.9863741,13922,539.47,14509,538.6,14514,536.71,14537,540.0833333,13247
539.6925479,13487,537.95,14359,538.5,14453,536.71,14534,539,13244
539.8217173,13734,537.95,14361,538,14400,536.69,14435,539,13244
540.2048037,13252,538.86,14252,539.5,14342,536.69,14435,539,13061
539.7720117,13347,538.1,14288,538,14322,536.66,14336,538.5,13132
540.0932281,13559,538.25,14180,537.8,14249,536.66,14335,538,12933
539.6578497,13322,537.95,14198,537.09,14199,536.64,14236,538,13064
540.8679335,13362,538.86,14000,537.5,14076,536.61,14137,540,12702
539.8570128,13079,537.95,13943,537.08,14004,536.59,14038,540,12641
540.3974751,13084,539.16,13951,537.02,13966,536.59,14038,540,12670
540.1183813,13137,538.71,14019,538.2,14025,535.59,14038,539.5,12723
541.0561893,13447,539.16,13982,540,14015,536.59,14038,539.1666667,13012
539.885902,12919,538.56,13885,539.9,13939,536.58,14038,538,12885
540.6791039,13080,538.71,13942,538.9,14023,536.59,14037,540.5,12891
540.0310152,12844,538.56,13794,537.7,13854,536.56,13901,539.3333333,12488
539.7851876,12843,538.56,13682,538,13693,536.53,13766,539.3333333,12399
539.8392985,12744,538.25,13557,537.7,13566,536.51,13630,539,12226
540.4307163,12628,538.56,13554,537.8,13588,536.59,13630,539.6666667,12548
540.7018821,12637,538.86,13369,537.08,13449,536.48,13494,539.5,12358
540.6201235,12402,538.86,13348,537.9,13406,536.48,13494,539,12098
540.6210384,12734,538.86,13238,539.5,13330,536.46,13358,538,11905
539.8346723,12430,538.56,13089,537.8,13166,536.43,13223,537,11975
539.6320087,12286,538.25,13187,537.7,13204,536.43,13223,541,11982
539.3480912,12357,537.79,13099,538,13127,536.43,13222,541,12091
541.8290097,12410,540.08,13139,537.7,13206,536.43,13222,540,11818
540.260522,12245,538.77,13168,537.8,13195,536.43,13222,538.5,12016
539.7901403,12250,537.79,13101,537.3,13181,536.43,13222,538,11953
540.2277056,12412,538.25,13147,537.7,13214,536.43,13222,538,12057
539.8541267,12287,538.25,13007,537.07,13023,536.41,13087,539,11669
539.5244671,12316,538.25,12993,537.09,13043,536.41,13087,539.25,11742
540.4099148,12144,538.86,12917,537.8,13010,536.41,13087,538,11997
539.376231,12066,537.64,12963,537.2,13008,536.41,13087,538,11941
540.2555165,12327,538.56,12981,538.1,13044,536.41,13087,538,11631
540.7710134,12357,539.16,12973,540,13013,536.41,13087,537.75,11985
540.6729297,11965,539.01,12781,538.5,12857,536.38,12951,539,11499
541.5577601,12008,539.77,12665,538,12738,536.36,12815,538.5,11491
540.1273271,12146,538.56,12795,537.2,12810,536.36,12815,539,11360
541.3523796,11967,540.08,12683,538.5,12759,536.36,12815,538,11451
539.8663507,11931,538.25,12649,537,12684,536.38,12751,538.5,11450
540.9366613,11432,539.16,12385,538.7,12456,536.33,12543,538,11099
541.3928277,11927,539.77,12474,538.1,12489,536.31,12543,540,11062
539.5104224,11696,538.1,12344,537.09,12371,536.28,12407,540,11281
540.4228123,11634,538.86,12289,537.9,12362,536.28,12407,538.5,11031
541.0569637,11719,539.62,12346,537.8,12381,536.28,12407,538.25,11016
540.7573103,11517,539.16,12265,537.7,12331,536.28,12407,538,10907
539.9629871,11453,538.56,12332,537.8,12381,536.28,12407,537.5,11071
541.5382679,11609,539.62,12211,537.9,12309,536.28,12407,537,11165
541.0061427,11435,539.77,12365,538.5,12399,536.28,12407,537,11293
540.6302251,11534,538.86,12290,538.7,12362,536.28,12407,536,10937
539.3070032,11477,537.64,12219,537.05,12249,536.26,12271,539,11024
538.7174832,11244,537.49,12182,537,12200,536.26,12271,538.5,10982
540.9417181,11282,539.16,12078,538.2,12105,536.53,12135,538,10866
531.6632489,11305,529.72,12116,537.08,12121,536.23,12135,537,10862
540.1585944,11443,538.25,12089,537,12111,536.23,12135,539,10809
539.0768555,11155,537.64,11843,537.5,11930,535.2,11999,538,10713
540.5752263,11165,538.86,11825,538.7,11925,536.2,11999,537.5,10608
540.3402725,11033,538.4,11722,537.8,11820,536.18,11864,537,10638
541.6128053,11131,539.77,11795,537.9,11832,536.18,11863,537,10789
541.1615978,10699,539.16,11652,537.7,11678,536.15,11728,539.5,10299
539.1922536,10791,537.95,11607,538,11687,536.15,11728,538.3333333,10386
539.4510731,10999,538.1,11626,537.2,11664,536.15,11727,536,10401
538.9133182,10680,537.64,11507,537.02,11575,536.13,11592,539.5,10276
540.9780617,10774,539.47,11404,537.09,11495,536.13,11592,539,10200
539.6407333,10757,538.25,11493,537.8,11520,536.13,11592,538.75,10409
539.9347958,10906,538.25,11493,537.5,11576,536.13,11591,538.3333333,10166
539.1480269,10755,537.64,11469,537.5,11550,536.13,11591,537.5,10161
539.6414939,10734,538.25,11326,537.8,11382,536.1,11456,537,10021
539.095901,10580,537.49,11248,537,11316,536.08,11320,541,10188
541.3660461,10365,540.08,11173,537.9,11222,536.08,11320,539.5,9979
539.5661705,10180,538.25,11015,538,11099,536.05,11184,539,10128
540.0378324,10231,538.56,10921,537.2,11010,536.03,11048,538.5,9700
540.0571282,10227,538.4,10998,537.7,11035,536.02,11048,537.6666667,9988
539.5126258,9799,537.95,10784,537.4,10877,536,10913,537,9419
539.6386201,10309,538.4,10833,537.9,10872,536,10913,537,9698
539.9521278,9964,537.95,10679,537.07,10707,535.98,10777,533.5,9613
540.1811655,10142,538.25,10746,538,10765,535.98,10777,536.75,9580
540.4145745,9990,539.16,10720,537.8,10744,535.98,10777,537.25,9393
540.1297251,9859,538.56,10672,529.8,10683,535.98,10777,537,9544
539.8035369,9679,537.79,10401,537.4,10456,535.92,10505,537,9445
539.1331906,9508,537.18,10385,537,10411,535.92,10505,536,9216
538.9461239,9729,537.64,10331,537.5,10406,535.92,10505,539.8333333,9454
539.2994887,9696,537.95,10422,537.4,10464,535.92,10505,535,9349
539.9383733,9379,538.1,10080,527.57,10174,535.87,10233,536.75,8977
539.9594067,9381,538.4,10119,538.7,10147,535.87,10233,536,8902
538.9916796,9126,537.64,9883,537.6,9961,535.82,9963,535,8817
540.2168409,9152,538.86,9852,537.04,9872,535.82,9962,537.5,8781
540.543827,9067,539.16,9885,537.5,9899,535.82,9962,537,8688
540.6677466,9089,538.71,9790,537.5,9870,535.82,9962,539,8739
541.5202975,9146,539.62,9770,537.8,9867,535.82,9962,536,8475
540.0689184,9276,538.25,9894,537.7,9921,535.82,9962,535.5,8634
539.2749141,9306,537.95,9844,537.2,9906,535.82,9961,539.5,8761
540.0161685,9010,538.56,9818,537.5,9895,535.82,9961,538.8333333,8767
539.8236104,9231,537.95,9883,539.8,9915,535.82,9932,536.8333333,8905
539.3235058,8915,537.49,9669,536.09,9741,535.8,9828,540,8638
538.8081837,9075,537.34,9671,537.2,9743,535.8,9826,539.8333333,8721
539.363391,9115,537.79,9716,537,9748,535.8,9825,539.6666667,8336
540.7234498,9019,538.86,9658,537.03,9682,535.77,9690,539,8410
539.8891793,8759,538.4,9546,537.6,9547,535.75,9554,539,8240
539.7709297,8813,537.95,9466,537.8,9538,535.75,9554,538,8326
541.0006873,8949,539.01,9466,537.8,9484,535.75,9554,536.8333333,8229
539.3682026,8711,538.1,9335,537.2,9388,535.72,9418,539.25,8405
539.2596622,8506,537.64,9379,537.8,9395,535.72,9418,539,8361
540.2349298,8647,538.25,9270,537.8,9361,535.72,9418,538.75,8378
539.9796914,8467,538.25,9330,537.5,9355,534.83,9371,538,7959
539.0115208,8407,537.64,9208,537.9,9277,535.7,9283,539,8123
540.9212727,8515,539.47,9155,537.8,9206,535.7,9282,537.1666667,7855
540.6904159,8366,539.01,9041,537.8,9078,535.67,9154,537,7775
539.5627176,8140,537.79,9020,537.7,9102,535.67,9147,537,7712
540.2602433,8360,538.86,9097,537.7,9139,535.67,9147,537,7991
539.3882891,8182,537.64,9085,538,9099,535.67,9147,536,7668
539.8047366,8357,537.95,9047,537.8,9128,535.37,9147,538.5,7682
539.5191871,8416,538.25,9107,537.8,9146,535.67,9147,536,7730
538.9804908,8211,537.76,9116,537.2,9143,535.67,9146,536,8047
541.1635869,8324,539.16,9113,537.8,9136,535.67,9146,539,7664
539.8749198,8306,537.95,8874,537.4,8965,535.62,9021,536,7545
539.6335558,8096,538.25,8892,535.5,8979,535.62,9021,538.5,7760
540.2478071,8107,538.56,8943,538,9010,535.62,9021,534.5,7663
541.0551767,8008,539.32,8860,537.7,8879,535.59,8958,535,7575
540.1188965,7912,538.71,8826,537.8,8893,535.59,8958,539,7921
540.7859196,8177,539.16,8897,537.7,8926,535.59,8958,538,7762
538.9316658,7906,537.64,8765,537.5,8795,535.34,8874,537.5,7397
540.1468154,7876,538.56,8671,537.4,8767,535.54,8832,537.5,7346
540.0884285,8033,538.25,8812,537.7,8829,535.54,8832,535,7470
540.758307,8125,538.86,8709,536.08,8740,535.52,8770,538.3333333,7419
541.3168293,8107,539.32,8675,537.8,8730,535.52,8770,538,7554
540.3059367,7868,538.56,8667,537.7,8672,535.52,8770,538,7284
539.8672341,7731,538.25,8637,537.8,8689,535.52,8770,538,7718
539.1967144,7989,537.82,8695,537.8,8740,535.52,8770,537.9166667,7615
539.5453017,8076,537.64,8664,537.7,8746,535.52,8769,537.9166667,7399
539.8055459,7661,538.25,8624,537.9,8691,535.52,8769,535.5,7645
538.7143509,7808,537.18,8587,536.01,8673,535.49,8707,537,7459
539.2295314,7733,537.49,8590,537.5,8633,535.49,8707,536.5,7335
538.9884699,7977,537.64,8561,536.6,8658,535.49,8706,536.5,7643
539.2168347,7946,537.64,8611,537.04,8623,535.47,8644,536,7530
539.6383963,7905,538.4,8565,537.7,8628,535.47,8644,535,7271
539.1509032,7806,537.34,8516,536.06,8538,535.44,8581,536.75,7274
539.2411909,7970,537.79,8520,537.5,8550,535.44,8581,538,7282
539.6226554,7415,537.79,8359,536.7,8459,535.42,8518,537,7061
529.9174264,7853,528.5,8453,537.5,8514,535.42,8518,536,7444
539.9612128,7793,538.56,8429,537.8,8439,535.42,8518,536.75,7121
539.4243123,7766,538.1,8422,537.7,8431,535.42,8518,535,7260
539.9764358,7580,538.56,8381,537.9,8470,535.42,8518,535,7509
539.4089575,7295,537.49,8275,536.09,8370,535.72,8418,535,7074
539.1997266,7630,537.34,8344,536.01,8345,535.72,8418,538.75,7026
539.4014987,7384,537.95,8284,536.3,8335,533.37,8393,539,7382
540.536213,7350,538.56,8314,537.8,8335,535.37,8393,538,7113
539.993836,7338,538.25,8213,537,8311,535.37,8393,534,6901
539.8208516,7753,538.4,8336,537.8,8337,535.37,8393,537,7068
539.2563945,7612,537.64,8306,537,8346,535.37,8393,536,6986
539.5178293,7474,538.25,8246,537.1,8345,535.37,8393,536,7182
538.9577129,7398,537.34,8252,537,8296,535.37,8392,535,6953
539.1114935,7507,537.64,8251,536.6,8292,535.37,8392,537.5,7213
539.8287063,7490,538.56,8194,536.9,8235,535.34,8274,537,7234
538.6629071,7169,537.18,7981,536.01,8075,535.32,8156,536,7147
539.2535812,7205,537.64,8047,537.2,8090,535.32,8156,535,6967
539.9562892,7076,538.25,7887,537.5,7983,535.29,8038,538.5,6543
539.3826346,7028,537.95,7883,537.4,7941,535.29,8038,538,6900
539.8121902,7197,538.25,8012,537.6,8026,535.29,8038,535,6943
539.2615176,7450,537.64,8001,537.4,8017,535.29,8038,535,6723
539.6751778,6979,537.95,7819,537.2,7858,535.26,7920,535.25,6509
539.3199267,6669,537.49,7575,537,7621,535.21,7684,536,6549
538.8441514,7062,537.34,7567,537.3,7655,535.21,7684,538,6260
540.1227255,6685,538.4,7616,537.03,7683,535.21,7684,538,6537
539.4244466,7018,537.95,7597,537.2,7638,535.21,7684,537.5,6328
539.8812003,7056,538.25,7568,536.9,7630,535.21,7684,537.5,6336
540.2648447,6664,538.25,7573,537.5,7584,535.21,7683,536.75,6667
539.7866464,6984,537.95,7604,537.4,7628,535.21,7683,536.5,6589
538.956638,6934,537.64,7441,537.5,7471,535.19,7566,536,6369
538.8587674,6509,537.34,7452,536.05,7495,535.19,7565,535,6132
539.9069315,6548,537.95,7341,537.5,7374,535.16,7447,536.5,6294
538.5238611,6516,537.12,7174,536,7264,535.14,7329,535,5859
539.7622672,6322,537.95,7215,537.6,7274,535.14,7329,535.5,6180
540.0207527,6493,538.25,7002,537.6,7089,535.09,7093,538,5855
538.9855304,5943,537.12,6887,536.02,6964,535.06,6975,538,5819
530.415412,6205,528.65,6889,537.5,6923,535.06,6975,537,5964
539.4197269,6229,537.64,6933,537.7,6948,535.06,6975,536,5933
539.5398293,6038,538.25,6867,537.5,6952,535.06,6975,535.5,5698
539.2205971,5952,537.64,6816,538.2,6896,535.06,6975,535,5951
539.8823803,6389,538.1,6953,537,6960,535.06,6975,535,5874
539.4822136,6242,538.1,6886,537,6889,534.83,6971,536.5,5816
539.6489932,5847,537.64,6808,537.7,6859,535.04,6906,536,5756
540.0802862,6269,538.1,6801,537,6820,535.04,6906,535,5638
539.02323,6041,537.03,6725,537,6797,535.01,6837,535.5,5382
539.4740182,5942,537.64,6716,537,6750,535.01,6837,535,5799
539.6647385,5873,538.1,6613,537.3,6617,534.96,6699,535,5459
538.7444015,5699,537.49,6500,537.4,6586,534.93,6630,534,5234
539.4455417,5867,537.64,6561,537,6564,534.93,6630,537,5289
530.4141198,5840,528.65,6384,537.4,6472,534.91,6562,537,5359
539.7817886,5695,537.79,6536,537.2,6541,534.91,6562,535.25,5292
539.1029145,5559,537.79,6419,537,6467,534.91,6562,534,5085
539.0576101,5640,537.73,6459,535.5,6475,534.91,6562,537.5,5275
540.5520224,5493,538.56,6490,537.6,6510,534.91,6562,537,5340
541.3370453,5479,539.47,6395,537.5,6479,534.91,6561,535,5268
539.254955,5683,537.95,6476,537,6539,534.91,6561,534.75,5345
530.5312288,5753,528.59,6457,537.4,6485,534.88,6498,535,5444
539.2900898,5496,537.64,6421,537.5,6452,534.88,6498,534.5,5182
539.5218835,5629,537.64,6384,536.8,6414,534.86,6434,534.5,5092
539.7151032,5431,537.95,6256,537.5,6334,534.86,6434,534,5292
538.6296871,5677,537.34,6288,537.03,6293,534.81,6307,534.5,4850
538.8229917,5727,537.49,6264,537.2,6300,534.81,6307,535.5,5013
539.2105994,5381,537.64,6172,537.5,6243,534.81,6307,535.5,4844
539.7623944,5374,537.95,6146,536.9,6246,534.81,6307,535.3333333,4978
539.3133227,5495,537.49,6157,537,6243,534.81,6307,534,5269
539.7142918,5279,537.79,6234,536.9,6242,534.81,6307,535.75,5281
540.2684886,5457,538.25,6135,537.4,6234,534.78,6244,535.25,5126
539.2516082,5372,537.34,6150,537.8,6187,534.78,6244,535,5135
538.733945,5371,537.49,6082,536.09,6117,534.76,6180,534,4808
529.9223021,5106,528.5,6033,536.08,6110,534.76,6180,536,4805
539.5307107,5182,537.95,6158,537.3,6176,534.76,6180,533.5,5020
540.0158807,5276,538.25,6060,537.4,6137,534.76,6180,538.5,4734
540.2374963,5269,538.25,5992,537.2,6081,534.76,6180,538,5030
539.2879426,5091,537.95,6071,537.2,6094,534.76,6180,536,4997
539.4391299,5138,537.64,6090,537.5,6154,534.76,6180,534.5,5049
538.8209866,5262,537.34,6108,536.9,6113,534.76,6180,535,4792
539.6107833,5301,537.64,5993,536.8,6034,534.73,6127,537,4994
539.5527444,5353,537.79,6060,537.2,6091,534.73,6124,537,5023
539.2492786,5249,537.95,6013,536.06,6041,534.71,6074,537,4760
538.8933231,5002,537.64,5925,536.06,6008,534.71,6074,536.5,4901
539.1247216,5429,537.49,5994,536.06,6064,534.71,6074,536.25,4967
539.5118903,5179,537.64,5896,537.2,5986,534.71,6074,536,4770
539.6271478,5276,537.64,6055,537,6066,534.71,6074,536,4810
539.0326265,5050,537.58,6020,537,6054,534.71,6074,536,4928
538.7489696,5116,537.34,5876,537,5957,534.55,6043,535.5,4652
539.4334564,4986,537.64,5885,537,5971,534.5,6033,536,4746
540.0174431,4997,538.1,5922,537,6004,534.68,6021,535,5013
539.396479,5210,537.64,5921,537.4,5928,534.68,6021,535.25,4780
539.0011092,5090,537.64,5872,536.8,5941,534.68,6021,537,4943
539.6151045,4927,537.82,5921,537,5954,534.45,5983,537,4919
538.816638,5045,537.49,5905,537,5932,534.65,5968,534.75,4481
538.9146439,5320,537.34,5847,537,5870,534.65,5968,536.5,4679
539.189378,4973,537.79,5881,536.9,5910,534.65,5968,536,4705
539.5270888,4894,538.25,5891,537.7,5963,534.65,5968,536,4887
539.7190778,5238,537.95,5856,537.8,5879,535.59,5958,535,4910
538.8383925,4957,537.34,5836,537,5869,534.63,5915,535.25,4552
538.8729528,4961,537.49,5847,537.2,5877,534.63,5915,534.5,4818
539.3305785,5161,537.64,5800,537.1,5844,534.63,5915,535,4540
539.2287127,4936,537.95,5713,537.5,5808,535.06,5905,534.25,4842
539.1454889,5125,537.49,5767,537.2,5829,534.65,5868,534.25,4635
539.3556296,4994,537.49,5721,536.05,5782,534.6,5862,536.1666667,4784
539.8962758,4907,538.19,5715,536.7,5803,534.6,5862,536,4515
539.3505449,5077,538.1,5784,537.7,5846,534.6,5862,536,4793
539.100492,4822,537.58,5780,535.4,5852,534.6,5862,535.5,4475
539.4363665,5001,537.49,5667,537,5764,534.6,5862,534.75,4657
539.1290131,4689,537.64,5682,537.1,5757,534.58,5805,534.75,4510
539.4429854,5021,537.64,5693,537.3,5741,534.55,5748,534.5,4717
538.4687987,4753,536.76,5633,535.06,5706,534.55,5747,534.5,4639
539.4077468,4812,537.64,5649,538,5735,534.55,5747,534.25,4288
538.7612213,4805,537.34,5684,536.6,5696,534.55,5740,535,4486
538.5647996,4656,537.12,5566,536.05,5635,534.53,5690,534.25,4431
538.302827,4505,537.05,5349,536.05,5444,534.45,5518,534.25,4049
539.0587938,4465,537.34,5402,536.08,5465,534.45,5518,534,4166
539.4974764,4587,537.79,5420,537,5458,534.45,5518,536.5,4285
540.5558681,4464,538.86,5410,537.5,5490,534.45,5518,537,4440
539.3168001,4344,537.64,5323,537.2,5423,534.45,5518,535,4290
539.3638132,4824,537.79,5410,537.5,5498,534.45,5518,535,4373
538.9190663,4614,537.64,5223,537.2,5316,534.4,5337,535,3852
538.6161587,4244,537.34,5201,536.8,5266,534.4,5327,534.8333333,3958
539.4202489,4616,537.49,5221,536.8,5232,534.4,5327,534.6666667,3992
538.6032933,4443,537.34,5227,536.9,5277,534.4,5327,534.5,3979
538.603224,4471,537.34,5170,537,5270,534.4,5326,534.75,4149
539.4554255,4243,537.95,5167,536.8,5185,534.38,5231,534.25,3992
539.2798143,4321,537.64,5140,537.6,5214,534.38,5231,533.75,4204
539.3195817,4212,537.85,5066,537.2,5135,534.38,5231,536,4074
539.515925,4526,537.64,5089,537.4,5118,534.35,5136,536,3797
538.9506264,4007,537.34,5007,536.7,5059,534.35,5136,536,3891
538.6479328,4311,537.09,5068,536.05,5094,534.35,5135,534.75,4134
538.9860829,4223,537.03,5060,536.7,5084,534.35,5135,533.5,3806
538.8054287,4238,537.34,5025,536.9,5069,534.35,5135,537.0833333,4005
539.7019613,4414,537.95,5007,537.5,5079,534.35,5135,537,3688
539.4235883,4288,537.49,5007,537,5043,534.35,5135,537,3857
538.3441261,3925,537.03,4870,536.6,4957,534.32,5040,537,3732
538.455173,4340,537.03,4990,536.7,5039,534.32,5040,533.25,3566
539.243263,4225,537.34,5025,536.6,5034,534.32,5040,536.5,3683
539.7883686,4271,537.95,4961,537,4994,534.32,5040,533.5,3959
539.139647,4160,537.64,5017,537.1,5031,534.32,5040,533.5,3945
538.4135735,4091,536.75,4821,536.04,4850,534.3,4944,537,3858
538.8269853,3873,537.03,4779,536.6,4875,534.3,4944,534.5,3826
538.7507599,4309,537.09,4870,536.05,4916,534.3,4944,533.5,3640
539.0303193,4260,537.49,4913,536.7,4921,534.3,4944,533.25,3858
539.4457009,3897,537.98,4832,537.1,4874,534.3,4944,535,3915
539.2685207,4263,537.34,4870,537,4899,534.3,4944,535,3846
539.2150981,3834,537.64,4832,537.3,4880,534.3,4944,535,3886
539.2931214,4220,537.34,4917,536.7,4925,534.3,4944,534,3665
5415.346403,4158,5413.9,4802,536.9,4844,534.27,4856,534,3457
539.3322696,4231,537.34,4845,536.9,4846,534.27,4856,534,3636
538.5615009,4106,537.34,4763,537.1,4820,534.27,4856,533,3571
539.0397584,3851,537.34,4794,537,4838,634.27,4856,533,3467
538.7431402,4093,537.49,4743,537,4834,534.27,4856,533,3713
538.8339572,3883,537.34,4735,536.8,4804,534.27,4856,534,3457
539.2806944,4038,537.34,4766,536.7,4853,534.27,4856,536.5,3445
539.6473397,4012,537.64,4645,537.2,4741,534.25,4768,535,3616
538.7550393,4098,537.49,4660,537.8,4694,534.65,4768,534.5,3607
538.6683902,3754,537.34,4612,536.7,4699,534.25,4768,534,3697
539.0587251,3704,537.34,4620,536.7,4720,534.25,4768,535,3445
539.5038939,3686,537.64,4668,537,4754,534.25,4768,534,3377
538.871228,3967,537.64,4532,536.8,4582,534.22,4679,536,3194
538.4154784,3898,536.57,4575,536.7,4625,534.65,4668,535,3340
538.6063167,3759,536.67,4525,535.05,4551,534.2,4591,535,3534
538.2221363,3949,536.94,4502,536.05,4503,534.2,4591,535,3254
538.9246425,3648,537.34,4475,536.6,4502,534.55,4547,534,3460
539.4186157,3450,537.7,4403,537.1,4429,534.17,4503,533.8333333,3303
539.1664076,3817,537.58,4465,536.7,4469,534.17,4503,533.5,3399
538.3079202,3425,537.03,4325,536.7,4384,534.15,4415,534.5,3026
538.1210178,3588,536.67,4271,535.05,4324,534.15,4414,534,2974
538.4133559,3650,536.57,4286,535.06,4340,534.15,4414,536,3283
538.0897813,3702,536.73,4368,536.04,4384,534.15,4414,535.4166667,3056
538.9725902,3516,537.34,4309,536.6,4355,534.15,4414,534.5,3384
538.7553806,3761,537.49,4281,537.3,4337,534.15,4414,534.5,3383
538.6181556,3682,537.34,4310,537,4341,534.15,4414,536,2943
539.2625048,3425,537.64,4296,536.7,4343,534.15,4414,535,3396
539.1925885,3400,537.64,4279,536.6,4350,534.15,4414,536.75,3230
539.2868813,3435,537.64,4335,537,4378,534.15,4414,534.5,2948
538.6670987,3337,537.34,4336,537,4346,534.15,4414,534,2959
539.4432259,3346,537.64,4298,536.8,4325,534.15,4414,535.5,2957
538.7896312,3530,537.49,4223,536.8,4242,534.12,4329,536,3217
538.5888863,3700,537.18,4269,536.7,4293,534.12,4329,535,2961
538.7693145,3531,537.34,4250,536.7,4275,534.12,4329,532.5,3285
538.850407,3429,536.97,4158,536.07,4210,534.1,4244,536,3229
538.6901551,3382,537.34,4071,536.6,4155,534.1,4244,535.8333333,2981
539.3582833,3212,537.34,4205,536.6,4223,534.1,4244,534,3124
539.0346122,3323,537.34,4147,536.7,4231,534.1,4244,534,3004
538.9198687,3510,537.34,4154,536.8,4162,534.1,4244,535.5,3137
539.339618,3670,537.43,4207,536.7,4214,534.45,4218,534,3141
538.8570543,3375,537.34,4027,537.2,4062,534.04,4158,534,2684
538.8738799,3306,537.64,4143,536.6,4156,534.07,4158,534,2863
537.959374,3308,536.33,3923,535.05,3997,534.04,4073,533.75,3067
538.7490467,3132,536.73,3924,536.03,4005,534.04,4073,534.25,2658
538.2593731,3481,536.91,4011,536.04,4038,534.04,4073,534.25,2659
538.2929338,3093,536.88,4040,536.5,4054,534.04,4073,534,2918
538.6381152,3127,537.09,3865,536.5,3928,535.11,4000,534,2576
539.037272,2842,537.04,3839,536.6,3907,534.02,3988,535.5,2744
538.9974887,2801,537.34,3773,537,3846,533.99,3920,534.5,2657
537.9555845,2890,536.27,3842,535.05,3859,533.99,3902,534,2420
538.3010168,3005,536.73,3829,536.03,3885,533.99,3902,533,2794
537.8460878,2871,536.6,3867,536.02,3899,533.99,3902,536,2457
539.1575877,3008,537.18,3768,536.5,3832,533.99,3902,534,2619
539.291338,2876,537.34,3798,536.8,3870,533.99,3902,533.75,2741
539.5339682,3242,537.95,3770,536.9,3813,533.99,3902,533.5,2683
538.6830149,2762,537.34,3732,537,3816,533.99,3902,533.5,2583
538.850944,2877,537.34,3832,536.7,3861,533.99,3902,533.25,2513
540.749821,2869,539.01,3672,536.6,3739,533.97,3811,534.5,2502
537.7763767,3124,536.48,3635,535.05,3665,533.94,3720,534,2299
538.7455343,3082,536.73,3659,536.03,3685,533.94,3720,533,2327
538.2155893,2983,536.57,3625,536.03,3687,533.94,3720,532.75,2625
537.6466024,3160,536.12,3673,535,3715,533.94,3720,536.75,2321
539.3391365,2756,537.34,3643,536.8,3694,533.94,3720,533.5,2707
539.3608211,2593,537.64,3588,537.2,3648,533.94,3720,535.5,2552
539.034649,3062,537.4,3642,537.1,3674,533.94,3720,534,2317
539.0159311,3063,537.34,3634,536.6,3645,533.94,3720,533.8333333,2292
538.4212811,2818,537.03,3635,536.6,3662,533.94,3720,532.5,2468
538.5067171,2676,537.12,3562,536.6,3574,534.3,3640,533.5,2543
538.3757492,2832,536.36,3525,535.05,3592,533.92,3629,534,2500
539.0004069,2989,537.34,3514,536.7,3602,533.92,3629,533.25,2398
539.095815,2564,537.12,3523,536.6,3587,533.92,3629,533.5833333,2360
538.7423411,3061,537.12,3584,536.6,3609,533.92,3628,536,2162
539.3324522,2783,537.43,3496,536.6,3563,535.01,3595,533.5,2164
539.1034285,2552,537.34,3476,536.6,3523,534.27,3556,533,2522
538.3769985,2812,537.09,3421,536.5,3509,534.27,3544,533.75,2060
538.5774096,2905,537.34,3474,536.7,3534,533.89,3538,535.5,2537
538.5263663,2680,536.73,3460,536.5,3525,533.89,3537,534.5,2065
539.3495003,2828,537.34,3330,536.8,3380,533.87,3446,534,2405
539.197011,2470,537.34,3341,536.7,3428,533.87,3446,534,2067
538.6950222,2601,537.24,3342,536.6,3406,533.87,3446,533.5,2170
539.4978874,2475,537.49,3413,536.8,3419,534.96,3435,532.5,2182
538.9388375,2589,537.49,3266,536.8,3336,534.96,3425,536.75,2084
538.9812223,2547,537.34,3286,536.7,3378,534.96,3425,536,1973
538.7028528,2628,537.18,3373,536.6,3376,534.96,3425,535,2351
539.144695,2532,537.34,3280,536.7,3343,534.93,3394,534,2036
539.0159964,2434,537.49,3304,536.7,3367,534.93,3394,533.5,2054
538.7941973,2698,537.34,3256,536.7,3319,534.93,3394,532.75,2309
539.2788751,2706,537.34,3250,536.6,3346,534.93,3394,532.5,2066
539.0791935,2628,537.43,3249,536.7,3338,534.93,3394,533,2020
538.6157093,2584,537.18,3198,536.6,3297,534.96,3390,532.5,2341
538.7785259,2275,537.18,3248,536.6,3328,534.9,3390,535,2001
538.3460078,2456,536.42,3296,536.03,3311,533.84,3355,535,1972
538.2877303,2573,536.73,3222,536.04,3299,533.84,3355,533,2089
538.3956392,2724,536.42,3277,536,3347,533.84,3355,534,1978
539.2368366,2477,537.34,3242,536.6,3340,533.84,3355,533.5,2016
539.6122927,2399,537.95,3234,537.4,3258,533.84,3355,536,1907
539.0577988,2686,537.64,3261,536.9,3304,533.84,3355,533.6666667,1983
539.2172079,2469,537.7,3216,536.8,3285,533.84,3355,532.5,2216
539.4733332,2480,537.49,3275,537,3323,533.84,3355,532.5,2243
538.7043172,2456,537.18,3224,537,3292,533.84,3355,532.75,1965
539.0986078,2489,537.18,3252,536.6,3331,533.84,3355,533.5,2021
538.4653015,2309,537.21,3191,536.7,3277,533.84,3355,536.5,2206
539.2076875,2440,537.34,3278,536.6,3304,534.71,3354,533,2137
538.8969882,2535,537.03,3211,536.7,3244,533.92,3328,532.6666667,2103
539.0959974,2686,537.34,3230,536.8,3236,533.82,3311,532.5,1874
538.7420857,2575,536.88,3209,536.4,3221,534.2,3291,532.5,1872
538.2935658,2292,536.97,3243,536.4,3267,534.27,3286,536.75,1866
538.6925226,2173,536.88,3104,536.5,3176,534.76,3275,533.25,2256
539.1105683,2276,537.15,3128,536.6,3226,534.86,3270,536.75,2195
539.2492695,2569,537.95,3212,536.5,3236,533.79,3267,536.5,1867
538.7679707,2551,537.15,3141,536.5,3170,533.79,3267,535.5,1819
538.1511598,2324,536.88,3172,536.6,3247,533.79,3267,535,2220
539.6796181,2156,537.79,3109,536.8,3204,533.79,3266,534,1810
538.9307146,2133,537.49,3125,536.8,3180,533.77,3222,532,1979
538.9773162,2425,537.15,3164,536.6,3174,533.77,3222,536.5,2196
538.9498196,2340,537.64,3125,537,3174,533.74,3178,533,2052
539.3652581,2214,537.95,3116,537,3175,533.74,3178,533,1990
538.6379037,2196,537.18,2940,536.6,3035,533.71,3134,532.75,2031
539.0607415,2381,537.18,3018,536.6,3067,533.71,3134,532.5,1939
538.7108855,2434,537.03,2952,536.7,3040,533.71,3134,532.5,2057
538.3610708,2286,536.79,2915,536.4,3007,534.15,3103,532.25,1956
538.1393113,2101,536.21,2990,535.05,3082,533.69,3090,531.75,1747
539.5626707,2377,537.7,3008,536.7,3019,533.69,3090,535.25,1638
539.0492321,2116,537.34,3003,536.8,3012,533.69,3090,533,1651
539.0655772,2416,537.76,3029,536.8,3041,533.69,3090,536,1874
538.6021334,2347,537.24,2996,537.2,3017,533.69,3090,535,1614
539.5416353,2503,537.64,3031,537.2,3076,533.69,3090,535,1966
539.4285703,1985,537.64,2933,537.2,3033,533.69,3090,535,1814
539.1951833,2490,537.55,3005,536.9,3076,533.69,3090,534.5,1678
539.0807676,2363,537.28,3031,536.8,3075,533.69,3090,534.5,1877
538.9335603,2336,537.03,2982,536.6,3026,533.69,3090,534,2051
538.7259315,1942,537.34,2941,536.9,2978,533.66,3046,533,1933
538.3246075,2419,537.03,2994,536.5,3004,533.66,3046,533,1978
538.8498904,2049,537.15,3016,536.4,3044,533.66,3046,532,2042
539.1822167,1940,537.18,2877,536.6,2961,533.66,3046,530.75,1910
538.8603838,2376,537.03,2931,536.6,3008,533.66,3046,530.5,1869
538.4505104,2325,536.88,2975,536.6,3029,533.66,3046,531,1630
538.2513628,2233,536.36,2836,536.06,2931,533.08,3021,531,2001
538.6801453,2054,537.28,2916,536.7,2995,534.91,3016,530,1565
538.8833281,2160,537.03,2866,536.7,2951,533.64,3002,529.5,1784
539.2944176,2079,537.34,2892,536.6,2964,533.64,3002,529,1736
538.940382,2079,537.55,2915,536.8,2931,533.64,3002,529,1863
538.8689509,2345,537.64,2977,536.8,2992,533.64,3002,528,1511
538.6270472,2082,537.18,2966,536.6,2990,533.64,3002,529.5,1538
538.5039897,2155,536.88,2876,536.5,2965,533.64,3002,529.5,1627
537.8366661,2159,536.36,2906,535,2927,533.64,3001,544,1567
